{
  "type": "minecraft:generic",
  "pools": [
    {
      "rolls": 1,
      "entries": [
        {
          "type": "minecraft:alternatives",
          "weight": 1,
          "children": [
            {
              "conditions": [
                {
                  "condition": "minecraft:location_check",
                  "predicate": {
                    "biome": "minecraft:ocean"
                  }
                }
              ],
              "type": "minecraft:item",
              "name": "minecraft:golden_hoe",
              "functions": [
                {
                  "function": "minecraft:set_count",
                  "count": 0
                }
              ]
            },
            {
              "conditions": [
                {
                  "condition": "minecraft:location_check",
                  "predicate": {
                    "biome": "minecraft:plains"
                  }
                }
              ],
              "type": "minecraft:item",
              "name": "minecraft:golden_hoe",
              "functions": [
                {
                  "function": "minecraft:set_count",
                  "count": 1
                }
              ]
            },
            {
              "conditions": [
                {
                  "condition": "minecraft:location_check",
                  "predicate": {
                    "biome": "minecraft:desert"
                  }
                }
              ],
              "type": "minecraft:item",
              "name": "minecraft:golden_hoe",
              "functions": [
                {
                  "function": "minecraft:set_count",
                  "count": 2
                }
              ]
            },
            {
              "conditions": [
                {
                  "condition": "minecraft:location_check",
                  "predicate": {
                    "biome": "minecraft:mountains"
                  }
                }
              ],
              "type": "minecraft:item",
              "name": "minecraft:golden_hoe",
              "functions": [
                {
                  "function": "minecraft:set_count",
                  "count": 3
                }
              ]
            },
            {
              "conditions": [
                {
                  "condition": "minecraft:location_check",
                  "predicate": {
                    "biome": "minecraft:forest"
                  }
                }
              ],
              "type": "minecraft:item",
              "name": "minecraft:golden_hoe",
              "functions": [
                {
                  "function": "minecraft:set_count",
                  "count": 4
                }
              ]
            },
            {
              "conditions": [
                {
                  "condition": "minecraft:location_check",
                  "predicate": {
                    "biome": "minecraft:taiga"
                  }
                }
              ],
              "type": "minecraft:item",
              "name": "minecraft:golden_hoe",
              "functions": [
                {
                  "function": "minecraft:set_count",
                  "count": 5
                }
              ]
            },
            {
              "conditions": [
                {
                  "condition": "minecraft:location_check",
                  "predicate": {
                    "biome": "minecraft:swamp"
                  }
                }
              ],
              "type": "minecraft:item",
              "name": "minecraft:golden_hoe",
              "functions": [
                {
                  "function": "minecraft:set_count",
                  "count": 6
                }
              ]
            },
            {
              "conditions": [
                {
                  "condition": "minecraft:location_check",
                  "predicate": {
                    "biome": "minecraft:river"
                  }
                }
              ],
              "type": "minecraft:item",
              "name": "minecraft:golden_hoe",
              "functions": [
                {
                  "function": "minecraft:set_count",
                  "count": 7
                }
              ]
            },
            {
              "conditions": [
                {
                  "condition": "minecraft:location_check",
                  "predicate": {
                    "biome": "minecraft:nether_wastes"
                  }
                }
              ],
              "type": "minecraft:item",
              "name": "minecraft:golden_hoe",
              "functions": [
                {
                  "function": "minecraft:set_count",
                  "count": 8
                }
              ]
            },
            {
              "conditions": [
                {
                  "condition": "minecraft:location_check",
                  "predicate": {
                    "biome": "minecraft:the_end"
                  }
                }
              ],
              "type": "minecraft:item",
              "name": "minecraft:golden_hoe",
              "functions": [
                {
                  "function": "minecraft:set_count",
                  "count": 9
                }
              ]
            },
            {
              "conditions": [
                {
                  "condition": "minecraft:location_check",
                  "predicate": {
                    "biome": "minecraft:frozen_ocean"
                  }
                }
              ],
              "type": "minecraft:item",
              "name": "minecraft:golden_hoe",
              "functions": [
                {
                  "function": "minecraft:set_count",
                  "count": 10
                }
              ]
            },
            {
              "conditions": [
                {
                  "condition": "minecraft:location_check",
                  "predicate": {
                    "biome": "minecraft:frozen_river"
                  }
                }
              ],
              "type": "minecraft:item",
              "name": "minecraft:golden_hoe",
              "functions": [
                {
                  "function": "minecraft:set_count",
                  "count": 11
                }
              ]
            },
            {
              "conditions": [
                {
                  "condition": "minecraft:location_check",
                  "predicate": {
                    "biome": "minecraft:snowy_tundra"
                  }
                }
              ],
              "type": "minecraft:item",
              "name": "minecraft:golden_hoe",
              "functions": [
                {
                  "function": "minecraft:set_count",
                  "count": 12
                }
              ]
            },
            {
              "conditions": [
                {
                  "condition": "minecraft:location_check",
                  "predicate": {
                    "biome": "minecraft:snowy_mountains"
                  }
                }
              ],
              "type": "minecraft:item",
              "name": "minecraft:golden_hoe",
              "functions": [
                {
                  "function": "minecraft:set_count",
                  "count": 13
                }
              ]
            },
            {
              "conditions": [
                {
                  "condition": "minecraft:location_check",
                  "predicate": {
                    "biome": "minecraft:mushroom_fields"
                  }
                }
              ],
              "type": "minecraft:item",
              "name": "minecraft:golden_hoe",
              "functions": [
                {
                  "function": "minecraft:set_count",
                  "count": 14
                }
              ]
            },
            {
              "conditions": [
                {
                  "condition": "minecraft:location_check",
                  "predicate": {
                    "biome": "minecraft:mushroom_field_shore"
                  }
                }
              ],
              "type": "minecraft:item",
              "name": "minecraft:golden_hoe",
              "functions": [
                {
                  "function": "minecraft:set_count",
                  "count": 15
                }
              ]
            },
            {
              "conditions": [
                {
                  "condition": "minecraft:location_check",
                  "predicate": {
                    "biome": "minecraft:beach"
                  }
                }
              ],
              "type": "minecraft:item",
              "name": "minecraft:golden_hoe",
              "functions": [
                {
                  "function": "minecraft:set_count",
                  "count": 16
                }
              ]
            },
            {
              "conditions": [
                {
                  "condition": "minecraft:location_check",
                  "predicate": {
                    "biome": "minecraft:desert_hills"
                  }
                }
              ],
              "type": "minecraft:item",
              "name": "minecraft:golden_hoe",
              "functions": [
                {
                  "function": "minecraft:set_count",
                  "count": 17
                }
              ]
            },
            {
              "conditions": [
                {
                  "condition": "minecraft:location_check",
                  "predicate": {
                    "biome": "minecraft:wooded_hills"
                  }
                }
              ],
              "type": "minecraft:item",
              "name": "minecraft:golden_hoe",
              "functions": [
                {
                  "function": "minecraft:set_count",
                  "count": 18
                }
              ]
            },
            {
              "conditions": [
                {
                  "condition": "minecraft:location_check",
                  "predicate": {
                    "biome": "minecraft:taiga_hills"
                  }
                }
              ],
              "type": "minecraft:item",
              "name": "minecraft:golden_hoe",
              "functions": [
                {
                  "function": "minecraft:set_count",
                  "count": 19
                }
              ]
            },
            {
              "conditions": [
                {
                  "condition": "minecraft:location_check",
                  "predicate": {
                    "biome": "minecraft:mountain_edge"
                  }
                }
              ],
              "type": "minecraft:item",
              "name": "minecraft:golden_hoe",
              "functions": [
                {
                  "function": "minecraft:set_count",
                  "count": 20
                }
              ]
            },
            {
              "conditions": [
                {
                  "condition": "minecraft:location_check",
                  "predicate": {
                    "biome": "minecraft:jungle"
                  }
                }
              ],
              "type": "minecraft:item",
              "name": "minecraft:golden_hoe",
              "functions": [
                {
                  "function": "minecraft:set_count",
                  "count": 21
                }
              ]
            },
            {
              "conditions": [
                {
                  "condition": "minecraft:location_check",
                  "predicate": {
                    "biome": "minecraft:jungle_hills"
                  }
                }
              ],
              "type": "minecraft:item",
              "name": "minecraft:golden_hoe",
              "functions": [
                {
                  "function": "minecraft:set_count",
                  "count": 22
                }
              ]
            },
            {
              "conditions": [
                {
                  "condition": "minecraft:location_check",
                  "predicate": {
                    "biome": "minecraft:jungle_edge"
                  }
                }
              ],
              "type": "minecraft:item",
              "name": "minecraft:golden_hoe",
              "functions": [
                {
                  "function": "minecraft:set_count",
                  "count": 23
                }
              ]
            },
            {
              "conditions": [
                {
                  "condition": "minecraft:location_check",
                  "predicate": {
                    "biome": "minecraft:deep_ocean"
                  }
                }
              ],
              "type": "minecraft:item",
              "name": "minecraft:golden_hoe",
              "functions": [
                {
                  "function": "minecraft:set_count",
                  "count": 24
                }
              ]
            },
            {
              "conditions": [
                {
                  "condition": "minecraft:location_check",
                  "predicate": {
                    "biome": "minecraft:stone_shore"
                  }
                }
              ],
              "type": "minecraft:item",
              "name": "minecraft:golden_hoe",
              "functions": [
                {
                  "function": "minecraft:set_count",
                  "count": 25
                }
              ]
            },
            {
              "conditions": [
                {
                  "condition": "minecraft:location_check",
                  "predicate": {
                    "biome": "minecraft:snowy_beach"
                  }
                }
              ],
              "type": "minecraft:item",
              "name": "minecraft:golden_hoe",
              "functions": [
                {
                  "function": "minecraft:set_count",
                  "count": 26
                }
              ]
            },
            {
              "conditions": [
                {
                  "condition": "minecraft:location_check",
                  "predicate": {
                    "biome": "minecraft:birch_forest"
                  }
                }
              ],
              "type": "minecraft:item",
              "name": "minecraft:golden_hoe",
              "functions": [
                {
                  "function": "minecraft:set_count",
                  "count": 27
                }
              ]
            },
            {
              "conditions": [
                {
                  "condition": "minecraft:location_check",
                  "predicate": {
                    "biome": "minecraft:birch_forest_hills"
                  }
                }
              ],
              "type": "minecraft:item",
              "name": "minecraft:golden_hoe",
              "functions": [
                {
                  "function": "minecraft:set_count",
                  "count": 28
                }
              ]
            },
            {
              "conditions": [
                {
                  "condition": "minecraft:location_check",
                  "predicate": {
                    "biome": "minecraft:dark_forest"
                  }
                }
              ],
              "type": "minecraft:item",
              "name": "minecraft:golden_hoe",
              "functions": [
                {
                  "function": "minecraft:set_count",
                  "count": 29
                }
              ]
            },
            {
              "conditions": [
                {
                  "condition": "minecraft:location_check",
                  "predicate": {
                    "biome": "minecraft:snowy_taiga"
                  }
                }
              ],
              "type": "minecraft:item",
              "name": "minecraft:golden_hoe",
              "functions": [
                {
                  "function": "minecraft:set_count",
                  "count": 30
                }
              ]
            },
            {
              "conditions": [
                {
                  "condition": "minecraft:location_check",
                  "predicate": {
                    "biome": "minecraft:snowy_taiga_hills"
                  }
                }
              ],
              "type": "minecraft:item",
              "name": "minecraft:golden_hoe",
              "functions": [
                {
                  "function": "minecraft:set_count",
                  "count": 31
                }
              ]
            },
            {
              "conditions": [
                {
                  "condition": "minecraft:location_check",
                  "predicate": {
                    "biome": "minecraft:giant_tree_taiga"
                  }
                }
              ],
              "type": "minecraft:item",
              "name": "minecraft:golden_hoe",
              "functions": [
                {
                  "function": "minecraft:set_count",
                  "count": 32
                }
              ]
            },
            {
              "conditions": [
                {
                  "condition": "minecraft:location_check",
                  "predicate": {
                    "biome": "minecraft:giant_tree_taiga_hills"
                  }
                }
              ],
              "type": "minecraft:item",
              "name": "minecraft:golden_hoe",
              "functions": [
                {
                  "function": "minecraft:set_count",
                  "count": 33
                }
              ]
            },
            {
              "conditions": [
                {
                  "condition": "minecraft:location_check",
                  "predicate": {
                    "biome": "minecraft:wooded_mountains"
                  }
                }
              ],
              "type": "minecraft:item",
              "name": "minecraft:golden_hoe",
              "functions": [
                {
                  "function": "minecraft:set_count",
                  "count": 34
                }
              ]
            },
            {
              "conditions": [
                {
                  "condition": "minecraft:location_check",
                  "predicate": {
                    "biome": "minecraft:savanna"
                  }
                }
              ],
              "type": "minecraft:item",
              "name": "minecraft:golden_hoe",
              "functions": [
                {
                  "function": "minecraft:set_count",
                  "count": 35
                }
              ]
            },
            {
              "conditions": [
                {
                  "condition": "minecraft:location_check",
                  "predicate": {
                    "biome": "minecraft:savanna_plateau"
                  }
                }
              ],
              "type": "minecraft:item",
              "name": "minecraft:golden_hoe",
              "functions": [
                {
                  "function": "minecraft:set_count",
                  "count": 36
                }
              ]
            },
            {
              "conditions": [
                {
                  "condition": "minecraft:location_check",
                  "predicate": {
                    "biome": "minecraft:badlands"
                  }
                }
              ],
              "type": "minecraft:item",
              "name": "minecraft:golden_hoe",
              "functions": [
                {
                  "function": "minecraft:set_count",
                  "count": 37
                }
              ]
            },
            {
              "conditions": [
                {
                  "condition": "minecraft:location_check",
                  "predicate": {
                    "biome": "minecraft:wooded_badlands_plateau"
                  }
                }
              ],
              "type": "minecraft:item",
              "name": "minecraft:golden_hoe",
              "functions": [
                {
                  "function": "minecraft:set_count",
                  "count": 38
                }
              ]
            },
            {
              "conditions": [
                {
                  "condition": "minecraft:location_check",
                  "predicate": {
                    "biome": "minecraft:badlands_plateau"
                  }
                }
              ],
              "type": "minecraft:item",
              "name": "minecraft:golden_hoe",
              "functions": [
                {
                  "function": "minecraft:set_count",
                  "count": 39
                }
              ]
            },
            {
              "conditions": [
                {
                  "condition": "minecraft:location_check",
                  "predicate": {
                    "biome": "minecraft:small_end_islands"
                  }
                }
              ],
              "type": "minecraft:item",
              "name": "minecraft:golden_hoe",
              "functions": [
                {
                  "function": "minecraft:set_count",
                  "count": 40
                }
              ]
            },
            {
              "conditions": [
                {
                  "condition": "minecraft:location_check",
                  "predicate": {
                    "biome": "minecraft:end_midlands"
                  }
                }
              ],
              "type": "minecraft:item",
              "name": "minecraft:golden_hoe",
              "functions": [
                {
                  "function": "minecraft:set_count",
                  "count": 41
                }
              ]
            },
            {
              "conditions": [
                {
                  "condition": "minecraft:location_check",
                  "predicate": {
                    "biome": "minecraft:end_highlands"
                  }
                }
              ],
              "type": "minecraft:item",
              "name": "minecraft:golden_hoe",
              "functions": [
                {
                  "function": "minecraft:set_count",
                  "count": 42
                }
              ]
            },
            {
              "conditions": [
                {
                  "condition": "minecraft:location_check",
                  "predicate": {
                    "biome": "minecraft:end_barrens"
                  }
                }
              ],
              "type": "minecraft:item",
              "name": "minecraft:golden_hoe",
              "functions": [
                {
                  "function": "minecraft:set_count",
                  "count": 43
                }
              ]
            },
            {
              "conditions": [
                {
                  "condition": "minecraft:location_check",
                  "predicate": {
                    "biome": "minecraft:warm_ocean"
                  }
                }
              ],
              "type": "minecraft:item",
              "name": "minecraft:golden_hoe",
              "functions": [
                {
                  "function": "minecraft:set_count",
                  "count": 44
                }
              ]
            },
            {
              "conditions": [
                {
                  "condition": "minecraft:location_check",
                  "predicate": {
                    "biome": "minecraft:lukewarm_ocean"
                  }
                }
              ],
              "type": "minecraft:item",
              "name": "minecraft:golden_hoe",
              "functions": [
                {
                  "function": "minecraft:set_count",
                  "count": 45
                }
              ]
            },
            {
              "conditions": [
                {
                  "condition": "minecraft:location_check",
                  "predicate": {
                    "biome": "minecraft:cold_ocean"
                  }
                }
              ],
              "type": "minecraft:item",
              "name": "minecraft:golden_hoe",
              "functions": [
                {
                  "function": "minecraft:set_count",
                  "count": 46
                }
              ]
            },
            {
              "conditions": [
                {
                  "condition": "minecraft:location_check",
                  "predicate": {
                    "biome": "minecraft:deep_warm_ocean"
                  }
                }
              ],
              "type": "minecraft:item",
              "name": "minecraft:golden_hoe",
              "functions": [
                {
                  "function": "minecraft:set_count",
                  "count": 47
                }
              ]
            },
            {
              "conditions": [
                {
                  "condition": "minecraft:location_check",
                  "predicate": {
                    "biome": "minecraft:deep_lukewarm_ocean"
                  }
                }
              ],
              "type": "minecraft:item",
              "name": "minecraft:golden_hoe",
              "functions": [
                {
                  "function": "minecraft:set_count",
                  "count": 48
                }
              ]
            },
            {
              "conditions": [
                {
                  "condition": "minecraft:location_check",
                  "predicate": {
                    "biome": "minecraft:deep_cold_ocean"
                  }
                }
              ],
              "type": "minecraft:item",
              "name": "minecraft:golden_hoe",
              "functions": [
                {
                  "function": "minecraft:set_count",
                  "count": 49
                }
              ]
            },
            {
              "conditions": [
                {
                  "condition": "minecraft:location_check",
                  "predicate": {
                    "biome": "minecraft:deep_frozen_ocean"
                  }
                }
              ],
              "type": "minecraft:item",
              "name": "minecraft:golden_hoe",
              "functions": [
                {
                  "function": "minecraft:set_count",
                  "count": 50
                }
              ]
            },
            {
              "conditions": [
                {
                  "condition": "minecraft:location_check",
                  "predicate": {
                    "biome": "minecraft:the_void"
                  }
                }
              ],
              "type": "minecraft:item",
              "name": "minecraft:golden_hoe",
              "functions": [
                {
                  "function": "minecraft:set_count",
                  "count": 51
                }
              ]
            },
            {
              "conditions": [
                {
                  "condition": "minecraft:location_check",
                  "predicate": {
                    "biome": "minecraft:sunflower_plains"
                  }
                }
              ],
              "type": "minecraft:item",
              "name": "minecraft:golden_hoe",
              "functions": [
                {
                  "function": "minecraft:set_count",
                  "count": 52
                }
              ]
            },
            {
              "conditions": [
                {
                  "condition": "minecraft:location_check",
                  "predicate": {
                    "biome": "minecraft:desert_lakes"
                  }
                }
              ],
              "type": "minecraft:item",
              "name": "minecraft:golden_hoe",
              "functions": [
                {
                  "function": "minecraft:set_count",
                  "count": 53
                }
              ]
            },
            {
              "conditions": [
                {
                  "condition": "minecraft:location_check",
                  "predicate": {
                    "biome": "minecraft:gravelly_mountains"
                  }
                }
              ],
              "type": "minecraft:item",
              "name": "minecraft:golden_hoe",
              "functions": [
                {
                  "function": "minecraft:set_count",
                  "count": 54
                }
              ]
            },
            {
              "conditions": [
                {
                  "condition": "minecraft:location_check",
                  "predicate": {
                    "biome": "minecraft:flower_forest"
                  }
                }
              ],
              "type": "minecraft:item",
              "name": "minecraft:golden_hoe",
              "functions": [
                {
                  "function": "minecraft:set_count",
                  "count": 55
                }
              ]
            },
            {
              "conditions": [
                {
                  "condition": "minecraft:location_check",
                  "predicate": {
                    "biome": "minecraft:taiga_mountains"
                  }
                }
              ],
              "type": "minecraft:item",
              "name": "minecraft:golden_hoe",
              "functions": [
                {
                  "function": "minecraft:set_count",
                  "count": 56
                }
              ]
            },
            {
              "conditions": [
                {
                  "condition": "minecraft:location_check",
                  "predicate": {
                    "biome": "minecraft:swamp_hills"
                  }
                }
              ],
              "type": "minecraft:item",
              "name": "minecraft:golden_hoe",
              "functions": [
                {
                  "function": "minecraft:set_count",
                  "count": 57
                }
              ]
            },
            {
              "conditions": [
                {
                  "condition": "minecraft:location_check",
                  "predicate": {
                    "biome": "minecraft:ice_spikes"
                  }
                }
              ],
              "type": "minecraft:item",
              "name": "minecraft:golden_hoe",
              "functions": [
                {
                  "function": "minecraft:set_count",
                  "count": 58
                }
              ]
            },
            {
              "conditions": [
                {
                  "condition": "minecraft:location_check",
                  "predicate": {
                    "biome": "minecraft:modified_jungle"
                  }
                }
              ],
              "type": "minecraft:item",
              "name": "minecraft:golden_hoe",
              "functions": [
                {
                  "function": "minecraft:set_count",
                  "count": 59
                }
              ]
            },
            {
              "conditions": [
                {
                  "condition": "minecraft:location_check",
                  "predicate": {
                    "biome": "minecraft:modified_jungle_edge"
                  }
                }
              ],
              "type": "minecraft:item",
              "name": "minecraft:golden_hoe",
              "functions": [
                {
                  "function": "minecraft:set_count",
                  "count": 60
                }
              ]
            },
            {
              "conditions": [
                {
                  "condition": "minecraft:location_check",
                  "predicate": {
                    "biome": "minecraft:tall_birch_forest"
                  }
                }
              ],
              "type": "minecraft:item",
              "name": "minecraft:golden_hoe",
              "functions": [
                {
                  "function": "minecraft:set_count",
                  "count": 61
                }
              ]
            },
            {
              "conditions": [
                {
                  "condition": "minecraft:location_check",
                  "predicate": {
                    "biome": "minecraft:tall_birch_hills"
                  }
                }
              ],
              "type": "minecraft:item",
              "name": "minecraft:golden_hoe",
              "functions": [
                {
                  "function": "minecraft:set_count",
                  "count": 62
                }
              ]
            },
            {
              "conditions": [
                {
                  "condition": "minecraft:location_check",
                  "predicate": {
                    "biome": "minecraft:dark_forest_hills"
                  }
                }
              ],
              "type": "minecraft:item",
              "name": "minecraft:golden_hoe",
              "functions": [
                {
                  "function": "minecraft:set_count",
                  "count": 63
                }
              ]
            },
            {
              "conditions": [
                {
                  "condition": "minecraft:location_check",
                  "predicate": {
                    "biome": "minecraft:snowy_taiga_mountains"
                  }
                }
              ],
              "type": "minecraft:item",
              "name": "minecraft:golden_hoe",
              "functions": [
                {
                  "function": "minecraft:set_count",
                  "count": 64
                }
              ]
            },
            {
              "conditions": [
                {
                  "condition": "minecraft:location_check",
                  "predicate": {
                    "biome": "minecraft:giant_spruce_taiga"
                  }
                }
              ],
              "type": "minecraft:item",
              "name": "minecraft:golden_hoe",
              "functions": [
                {
                  "function": "minecraft:set_count",
                  "count": 65
                }
              ]
            },
            {
              "conditions": [
                {
                  "condition": "minecraft:location_check",
                  "predicate": {
                    "biome": "minecraft:giant_spruce_taiga_hills"
                  }
                }
              ],
              "type": "minecraft:item",
              "name": "minecraft:golden_hoe",
              "functions": [
                {
                  "function": "minecraft:set_count",
                  "count": 66
                }
              ]
            },
            {
              "conditions": [
                {
                  "condition": "minecraft:location_check",
                  "predicate": {
                    "biome": "minecraft:modified_gravelly_mountains"
                  }
                }
              ],
              "type": "minecraft:item",
              "name": "minecraft:golden_hoe",
              "functions": [
                {
                  "function": "minecraft:set_count",
                  "count": 67
                }
              ]
            },
            {
              "conditions": [
                {
                  "condition": "minecraft:location_check",
                  "predicate": {
                    "biome": "minecraft:shattered_savanna"
                  }
                }
              ],
              "type": "minecraft:item",
              "name": "minecraft:golden_hoe",
              "functions": [
                {
                  "function": "minecraft:set_count",
                  "count": 68
                }
              ]
            },
            {
              "conditions": [
                {
                  "condition": "minecraft:location_check",
                  "predicate": {
                    "biome": "minecraft:shattered_savanna_plateau"
                  }
                }
              ],
              "type": "minecraft:item",
              "name": "minecraft:golden_hoe",
              "functions": [
                {
                  "function": "minecraft:set_count",
                  "count": 69
                }
              ]
            },
            {
              "conditions": [
                {
                  "condition": "minecraft:location_check",
                  "predicate": {
                    "biome": "minecraft:eroded_badlands"
                  }
                }
              ],
              "type": "minecraft:item",
              "name": "minecraft:golden_hoe",
              "functions": [
                {
                  "function": "minecraft:set_count",
                  "count": 70
                }
              ]
            },
            {
              "conditions": [
                {
                  "condition": "minecraft:location_check",
                  "predicate": {
                    "biome": "minecraft:modified_wooded_badlands_plateau"
                  }
                }
              ],
              "type": "minecraft:item",
              "name": "minecraft:golden_hoe",
              "functions": [
                {
                  "function": "minecraft:set_count",
                  "count": 71
                }
              ]
            },
            {
              "conditions": [
                {
                  "condition": "minecraft:location_check",
                  "predicate": {
                    "biome": "minecraft:modified_badlands_plateau"
                  }
                }
              ],
              "type": "minecraft:item",
              "name": "minecraft:golden_hoe",
              "functions": [
                {
                  "function": "minecraft:set_count",
                  "count": 72
                }
              ]
            },
            {
              "conditions": [
                {
                  "condition": "minecraft:location_check",
                  "predicate": {
                    "biome": "minecraft:bamboo_jungle"
                  }
                }
              ],
              "type": "minecraft:item",
              "name": "minecraft:golden_hoe",
              "functions": [
                {
                  "function": "minecraft:set_count",
                  "count": 73
                }
              ]
            },
            {
              "conditions": [
                {
                  "condition": "minecraft:location_check",
                  "predicate": {
                    "biome": "minecraft:bamboo_jungle_hills"
                  }
                }
              ],
              "type": "minecraft:item",
              "name": "minecraft:golden_hoe",
              "functions": [
                {
                  "function": "minecraft:set_count",
                  "count": 74
                }
              ]
            },
            {
              "conditions": [
                {
                  "condition": "minecraft:location_check",
                  "predicate": {
                    "biome": "minecraft:soul_sand_valley"
                  }
                }
              ],
              "type": "minecraft:item",
              "name": "minecraft:golden_hoe",
              "functions": [
                {
                  "function": "minecraft:set_count",
                  "count": 75
                }
              ]
            },
            {
              "conditions": [
                {
                  "condition": "minecraft:location_check",
                  "predicate": {
                    "biome": "minecraft:warped_forest"
                  }
                }
              ],
              "type": "minecraft:item",
              "name": "minecraft:golden_hoe",
              "functions": [
                {
                  "function": "minecraft:set_count",
                  "count": 76
                }
              ]
            },
            {
              "conditions": [
                {
                  "condition": "minecraft:location_check",
                  "predicate": {
                    "biome": "minecraft:crimson_forest"
                  }
                }
              ],
              "type": "minecraft:item",
              "name": "minecraft:golden_hoe",
              "functions": [
                {
                  "function": "minecraft:set_count",
                  "count": 77
                }
              ]
            },
            {
              "conditions": [
                {
                  "condition": "minecraft:location_check",
                  "predicate": {
                    "biome": "minecraft:basalt_deltas"
                  }
                }
              ],
              "type": "minecraft:item",
              "name": "minecraft:golden_hoe",
              "functions": [
                {
                  "function": "minecraft:set_count",
                  "count": 78
                }
              ]
            }
          ]
        }
      ]
    }
  ]
}
